{"flutter":{"platforms":{"android":{"default":{"projectId":"flutter-final-b29c3","appId":"1:445124433328:android:8319f8a0bf375e5058b275","fileOutput":"android/app/google-services.json"}},"ios":{"default":{"projectId":"flutter-final-b29c3","appId":"1:445124433328:ios:f8734bb3cfd14e5458b275","uploadDebugSymbols":false,"fileOutput":"ios/Runner/GoogleService-Info.plist"}},"macos":{"default":{"projectId":"flutter-final-b29c3","appId":"1:445124433328:ios:8a8d2845cce74d5058b275","uploadDebugSymbols":false,"fileOutput":"macos/Runner/GoogleService-Info.plist"}},"dart":{"lib/firebase_options.dart":{"projectId":"flutter-final-b29c3","configurations":{"android":"1:445124433328:android:8319f8a0bf375e5058b275","ios":"1:445124433328:ios:f8734bb3cfd14e5458b275","macos":"1:445124433328:ios:8a8d2845cce74d5058b275","web":"1:445124433328:web:72065bb37801be9f58b275","windows":"1:445124433328:web:a65b8c7a8e5f9d3b58b275"}}}}}}